<?xml version="1.0" encoding="UTF-8"?>
<project-private xmlns="http://www.netbeans.org/ns/project-private/1">
    <editor-bookmarks xmlns="http://www.netbeans.org/ns/editor-bookmarks/2" lastBookmarkId="0"/>
    <open-files xmlns="http://www.netbeans.org/ns/projectui-open-files/2">
        <group>
            <file>file:/D:/studying/FPT-lessons/LAB-211/Lab3-submission/src/Menu/MainMenu.java</file>
            <file>file:/D:/studying/FPT-lessons/LAB-211/Lab3-submission/src/Model/ColorTableOfACar.java</file>
            <file>file:/D:/studying/FPT-lessons/LAB-211/Lab3-submission/src/Model/TypeTable.java</file>
            <file>file:/D:/studying/FPT-lessons/LAB-211/Lab3-submission/src/Model/ListOfVehicle.java</file>
            <file>file:/D:/studying/FPT-lessons/LAB-211/Lab3-submission/src/Tools/Tools.java</file>
            <file>file:/D:/studying/FPT-lessons/LAB-211/Lab3-submission/src/Model/Vehicle.java</file>
            <file>file:/D:/studying/FPT-lessons/LAB-211/Lab3-submission/src/View/VehicleInteraction.java</file>
            <file>file:/D:/studying/FPT-lessons/LAB-211/Lab3-submission/src/Controller/TableController.java</file>
            <file>file:/D:/studying/FPT-lessons/LAB-211/Lab3-submission/src/Menu/Submenu.java</file>
            <file>file:/D:/studying/FPT-lessons/LAB-211/Lab3-submission/src/Model/ListOfColorTable.java</file>
            <file>file:/D:/studying/FPT-lessons/LAB-211/Lab3-submission/src/Controller/VehicleController.java</file>
        </group>
    </open-files>
</project-private>
